{"('Indiana', 'Age (years)', '35 - 44')": 33.1, "('Indiana', 'Income', '$25,000 - $34,999')": 33.2, "('Michigan', 'Age (years)', '45 - 54')": 36.7, "('Michigan', 'Age (years)', '65 or older')": 36.0, "('Missouri', 'Race/Ethnicity', 'American Indian/Alaska Native')": 32.3, "('Missouri', 'Race/Ethnicity', 'Asian')": 25.8, "('Nebraska', 'Education', 'College graduate')": 39.5, "('Nebraska', 'Race/Ethnicity', 'Non-Hispanic White')": 34.8, "('Ohio', 'Income', '$35,000 - $49,999')": 31.6, "('Ohio', 'Race/Ethnicity', 'Non-Hispanic Black')": 28.5, "('Wisconsin', 'Age (years)', '35 - 44')": 30.3, "('Wisconsin', 'Race/Ethnicity', '2 or more races')": 21.1}